{
  "config.py": 1776706748.0959299,
  "diagnose_azure.py": 1776515344.6475208,
  "logger.py": 1776514204.995718,
  "main.py": 1776679930.3757584,
  "notifier.py": 1776581933.4671147,
  "test_connection.py": 1776514395.3053093,
  "awareness\\apps.py": 1776511299.913938,
  "awareness\\browser_reader.py": 1776706724.731123,
  "awareness\\context_detector.py": 1776534438.14237,
  "awareness\\notes.py": 1776515848.9020944,
  "awareness\\office_reader.py": 1776706622.1161315,
  "awareness\\system.py": 1776511286.1979668,
  "awareness\\tasks.py": 1776515876.8808599,
  "awareness\\windows.py": 1776511293.5780673,
  "awareness\\window_monitor.py": 1776537094.6823244,
  "awareness\\__init__.py": 1776511279.073939,
  "brain\\api_server.py": 1776661749.8826723,
  "brain\\azure_client.py": 1776679764.298674,
  "brain\\context.py": 1776706739.7551067,
  "brain\\memory.py": 1776581941.167278,
  "brain\\pattern_analyzer.py": 1776663580.741497,
  "brain\\scheduler.py": 1776679730.1810455,
  "brain\\soul_builder.py": 1776663534.2363665,
  "brain\\__init__.py": 1776511303.7230253,
  "office_addin\\build_xlam.ps1": 1776688295.1544225,
  "office_addin\\commands.js": 1776682966.2975597,
  "widget\\animations.py": 1776536313.3096807,
  "widget\\chat_panel.py": 1776662026.8347638,
  "widget\\notifications.py": 1776516659.2930186,
  "widget\\overlay.py": 1776679856.3790586,
  "widget\\settings_panel.py": 1776706851.1774492,
  "widget\\task_panel.py": 1776515934.0638406,
  "widget\\__init__.py": 1776511327.6344137,
  "widget\\characters\\pokemon_character.py": 1776517462.6705751,
  "widget\\characters\\pokemon_list.py": 1776516948.0748394,
  "widget\\characters\\sprite_manager.py": 1776517427.6933832,
  "widget\\characters\\__init__.py": 1776516941.1429596,
  "ARCHITECTURE.md": 1776707794.894393,
  "ARIA_PROJECT_DOCUMENT.md": 1776662638.2992098,
  "README.md": 1776681471.0403757,
  "requirements.txt": 1776706861.6329374,
  "office_addin\\commands.html": 1776661868.6481726,
  "office_addin\\sent.html": 1776682961.081883,
  "office_addin\\taskpane.html": 1776682957.805683
}